[
  {
    "id": 1,
    "nome": "Peça A",
    "descricao": "Peça de alta qualidade",
    "preco": 150.75,
    "quantidade": 10,
    "modelo": "Modelo X"
  },
  {
    "id": 2,
    "nome": "Peça A",
    "descricao": "Peça de alta qualidade",
    "preco": 150.75,
    "quantidade": 10,
    "modelo": "Modelo X"
  },
  {
    "id": 3,
    "nome": "Peça A",
    "descricao": "Peça de alta qualidade",
    "preco": 150.75,
    "quantidade": 10,
    "modelo": "Modelo X"
  },
  {
    "id": 4,
    "nome": "Peça A",
    "descricao": "Peça de alta qualidade",
    "preco": 150.75,
    "quantidade": 10,
    "modelo": "Modelo X"
  },
  {
    "id": 5,
    "nome": "Peça Ajfaokfoa",
    "descricao": "Peça de alta qualidade",
    "preco": 150.75,
    "quantidade": 10,
    "modelo": "Modelo X"
  },
  {
    "id": 6,
    "nome": "Peça A",
    "descricao": "Peça de alta qualidade",
    "preco": 150.75,
    "quantidade": 10,
    "modelo": "Modelo X"
  },
  {
    "id": 7,
    "nome": "Peça A",
    "descricao": "Peça de alta qualidade",
    "preco": 150.75,
    "quantidade": 10,
    "modelo": "Modelo X"
  }
]